{
  "sensor": "imx662",
  "gain": 128,
  "K": [
    0.006975267857534245,
    0.004717793846985819,
    0.004724952660129051,
    0.00541226448228116
  ],
  "read_sigma": [
    0.01190770324319601,
    0.011850999668240547,
    0.011862099170684814,
    0.011912252753973007
  ],
  "row_sigma": [
    0.0010233360808342695,
    0.0010394399287179112,
    0.001066198106855154,
    0.0010652209166437387
  ],
  "read_shape": null,
  "black_level_norm": 0.0003609987907111645,
  "n_frames": 37,
  "fit_r2": [
    0.9932541150219717,
    0.9855664723021997,
    0.9862098778708748,
    0.9833379444694736
  ],
  "fit_source": "scaled_from_ag256",
  "notes": [
    "flat_pairs=12",
    "bias_frames=8",
    "dark_frames=5",
    "linearly scaled from ag256"
  ]
}