{
  "sensor": "imx662h",
  "gain": 512,
  "K": [
    0.08540113366794869,
    0.06709190581864999,
    0.06718130918252661,
    0.07089833737130151
  ],
  "read_sigma": [
    0.05950416252017021,
    0.05942762270569801,
    0.0594443753361702,
    0.05961836501955986
  ],
  "row_sigma": [
    0.004013620316982269,
    0.004085210617631674,
    0.004082067869603634,
    0.004070999100804329
  ],
  "read_shape": null,
  "black_level_norm": 0.002656279131770134,
  "n_frames": 37,
  "fit_r2": [
    0.9930031481330137,
    0.9653068009853096,
    0.9669121975948253,
    0.9690832834095633
  ],
  "fit_source": "scaled_from_ag256",
  "notes": [
    "flat_pairs=12",
    "bias_frames=8",
    "dark_frames=5",
    "linearly scaled from ag256"
  ]
}