{
  "sensor": "imx662h",
  "gain": 256,
  "K": [
    0.04270056683397434,
    0.033545952909324994,
    0.03359065459126331,
    0.035449168685650755
  ],
  "read_sigma": [
    0.029752081260085106,
    0.029713811352849007,
    0.0297221876680851,
    0.02980918250977993
  ],
  "row_sigma": [
    0.0020068101584911346,
    0.002042605308815837,
    0.002041033934801817,
    0.0020354995504021645
  ],
  "read_shape": null,
  "black_level_norm": 0.001328139565885067,
  "n_frames": 37,
  "fit_r2": [
    0.9930031481330137,
    0.9653068009853096,
    0.9669121975948253,
    0.9690832834095633
  ],
  "fit_source": "calibration:/home/isum/RPi-Hardware-NSA-/datasets/imx662_project/calibration/imx662h_gain256",
  "notes": [
    "flat_pairs=12",
    "bias_frames=8",
    "dark_frames=5"
  ]
}