{
  "sensor": "imx662",
  "gain": 256,
  "K": [
    0.01395053571506849,
    0.009435587693971638,
    0.009449905320258103,
    0.01082452896456232
  ],
  "read_sigma": [
    0.02381540648639202,
    0.023701999336481094,
    0.02372419834136963,
    0.023824505507946014
  ],
  "row_sigma": [
    0.002046672161668539,
    0.0020788798574358225,
    0.002132396213710308,
    0.0021304418332874775
  ],
  "read_shape": null,
  "black_level_norm": 0.000721997581422329,
  "n_frames": 37,
  "fit_r2": [
    0.9932541150219717,
    0.9855664723021997,
    0.9862098778708748,
    0.9833379444694736
  ],
  "fit_source": "calibration:/home/isum/RPi-Hardware-NSA-/datasets/imx662_project/calibration/imx662_gain256",
  "notes": [
    "flat_pairs=12",
    "bias_frames=8",
    "dark_frames=5"
  ]
}