{
  "sensor": "imx662",
  "gain": 512,
  "K": [
    0.02790107143013698,
    0.018871175387943275,
    0.018899810640516206,
    0.02164905792912464
  ],
  "read_sigma": [
    0.04763081297278404,
    0.04740399867296219,
    0.04744839668273926,
    0.04764901101589203
  ],
  "row_sigma": [
    0.004093344323337078,
    0.004157759714871645,
    0.004264792427420616,
    0.004260883666574955
  ],
  "read_shape": null,
  "black_level_norm": 0.001443995162844658,
  "n_frames": 37,
  "fit_r2": [
    0.9932541150219717,
    0.9855664723021997,
    0.9862098778708748,
    0.9833379444694736
  ],
  "fit_source": "scaled_from_ag256",
  "notes": [
    "flat_pairs=12",
    "bias_frames=8",
    "dark_frames=5",
    "linearly scaled from ag256"
  ]
}