{
  "sensor": "imx662h",
  "gain": 128,
  "K": [
    0.02135028341698717,
    0.016772976454662497,
    0.016795327295631653,
    0.017724584342825377
  ],
  "read_sigma": [
    0.014876040630042553,
    0.014856905676424503,
    0.01486109383404255,
    0.014904591254889965
  ],
  "row_sigma": [
    0.0010034050792455673,
    0.0010213026544079185,
    0.0010205169674009085,
    0.0010177497752010822
  ],
  "read_shape": null,
  "black_level_norm": 0.0006640697829425335,
  "n_frames": 37,
  "fit_r2": [
    0.9930031481330137,
    0.9653068009853096,
    0.9669121975948253,
    0.9690832834095633
  ],
  "fit_source": "scaled_from_ag256",
  "notes": [
    "flat_pairs=12",
    "bias_frames=8",
    "dark_frames=5",
    "linearly scaled from ag256"
  ]
}